GO.ID	Term	Annotated	Significant	Expected	topgoFisher	filename	GO_cat
GO:0006364	rRNA processing	138	71	11.79	6.2e-15	downreg_Dbip1_0h	BP
GO:0000463	maturation of LSU-rRNA from tricistronic...	19	15	1.62	1.9e-11	downreg_Dbip1_0h	BP
GO:0000447	endonucleolytic cleavage in ITS1 to sepa...	16	12	1.37	1.8e-10	downreg_Dbip1_0h	BP
GO:0000472	endonucleolytic cleavage to generate mat...	14	11	1.2	4.7e-10	downreg_Dbip1_0h	BP
GO:0000480	endonucleolytic cleavage in 5'-ETS of tr...	13	10	1.11	4.4e-09	downreg_Dbip1_0h	BP
GO:0051028	mRNA transport	38	15	3.25	3.8e-08	downreg_Dbip1_0h	BP
GO:0000462	maturation of SSU-rRNA from tricistronic...	34	23	2.9	1.8e-07	downreg_Dbip1_0h	BP
GO:0000027	ribosomal large subunit assembly	15	9	1.28	7.2e-07	downreg_Dbip1_0h	BP
GO:0006338	chromatin remodeling	84	22	7.17	1.2e-06	downreg_Dbip1_0h	BP
GO:0042273	ribosomal large subunit biogenesis	41	29	3.5	2.1e-06	downreg_Dbip1_0h	BP
GO:0000466	maturation of 5.8S rRNA from tricistroni...	33	21	2.82	8.2e-06	downreg_Dbip1_0h	BP
GO:0000055	ribosomal large subunit export from nucl...	8	6	0.68	9.2e-06	downreg_Dbip1_0h	BP
GO:0006913	nucleocytoplasmic transport	73	21	6.23	9.3e-06	downreg_Dbip1_0h	BP
GO:0006357	regulation of transcription by RNA polym...	282	43	24.08	4e-05	downreg_Dbip1_0h	BP
GO:0042274	ribosomal small subunit biogenesis	49	31	4.18	6.9e-05	downreg_Dbip1_0h	BP
GO:0006355	regulation of DNA-templated transcriptio...	428	67	36.55	0.00022	downreg_Dbip1_0h	BP
GO:0000160	phosphorelay signal transduction system	17	7	1.45	0.00029	downreg_Dbip1_0h	BP
GO:0042254	ribosome biogenesis	180	90	15.37	0.00054	downreg_Dbip1_0h	BP
GO:0019432	triglyceride biosynthetic process	3	3	0.26	0.00062	downreg_Dbip1_0h	BP
GO:1902626	assembly of large subunit precursor of p...	6	4	0.51	0.00069	downreg_Dbip1_0h	BP
GO:0007049	cell cycle	246	37	21.01	0.00159	downreg_Dbip1_0h	BP
GO:0016973	poly(A)+ mRNA export from nucleus	12	5	1.02	0.00213	downreg_Dbip1_0h	BP
GO:0006397	mRNA processing	135	24	11.53	0.00219	downreg_Dbip1_0h	BP
GO:0031167	rRNA methylation	14	5	1.2	0.00541	downreg_Dbip1_0h	BP
GO:0043144	sno(s)RNA processing	9	3	0.77	0.00728	downreg_Dbip1_0h	BP
GO:0120290	stalled replication fork localization to...	2	2	0.17	0.00728	downreg_Dbip1_0h	BP
GO:0110136	protein-RNA complex remodeling	2	2	0.17	0.00728	downreg_Dbip1_0h	BP
GO:0006552	leucine catabolic process	2	2	0.17	0.00728	downreg_Dbip1_0h	BP
GO:0070125	mitochondrial translational elongation	2	2	0.17	0.00728	downreg_Dbip1_0h	BP
GO:1990426	mitotic recombination-dependent replicat...	2	2	0.17	0.00728	downreg_Dbip1_0h	BP
GO:0007089	traversing start control point of mitoti...	2	2	0.17	0.00728	downreg_Dbip1_0h	BP
GO:0097623	potassium ion export across plasma membr...	2	2	0.17	0.00728	downreg_Dbip1_0h	BP
GO:0006470	protein dephosphorylation	28	7	2.39	0.00775	downreg_Dbip1_0h	BP
GO:0048315	conidium formation	11	4	0.94	0.01069	downreg_Dbip1_0h	BP
GO:0006396	RNA processing	352	104	30.06	0.01374	downreg_Dbip1_0h	BP
GO:0030150	protein import into mitochondrial matrix	12	4	1.02	0.01497	downreg_Dbip1_0h	BP
GO:0030490	maturation of SSU-rRNA	41	26	3.5	0.01542	downreg_Dbip1_0h	BP
GO:0042255	ribosome assembly	24	13	2.05	0.01615	downreg_Dbip1_0h	BP
GO:0031564	transcription antitermination	3	2	0.26	0.02061	downreg_Dbip1_0h	BP
GO:0031440	regulation of mRNA 3'-end processing	3	2	0.26	0.02061	downreg_Dbip1_0h	BP
GO:0000244	spliceosomal tri-snRNP complex assembly	3	2	0.26	0.02061	downreg_Dbip1_0h	BP
GO:2000232	regulation of rRNA processing	3	2	0.26	0.02061	downreg_Dbip1_0h	BP
GO:0031047	regulatory ncRNA-mediated gene silencing	20	6	1.71	0.02488	downreg_Dbip1_0h	BP
GO:0006362	transcription elongation by RNA polymera...	8	3	0.68	0.02507	downreg_Dbip1_0h	BP
GO:0032508	DNA duplex unwinding	23	5	1.96	0.02637	downreg_Dbip1_0h	BP
GO:0000079	regulation of cyclin-dependent protein s...	15	4	1.28	0.03363	downreg_Dbip1_0h	BP
GO:0006417	regulation of translation	53	7	4.53	0.03522	downreg_Dbip1_0h	BP
GO:0051260	protein homooligomerization	4	2	0.34	0.0389	downreg_Dbip1_0h	BP
GO:0006535	cysteine biosynthetic process from serin...	4	2	0.34	0.0389	downreg_Dbip1_0h	BP
GO:1990961	xenobiotic detoxification by transmembra...	4	2	0.34	0.0389	downreg_Dbip1_0h	BP
GO:0006265	DNA topological change	4	2	0.34	0.0389	downreg_Dbip1_0h	BP
GO:0002943	tRNA dihydrouridine synthesis	4	2	0.34	0.0389	downreg_Dbip1_0h	BP
GO:2000786	positive regulation of autophagosome ass...	4	2	0.34	0.0389	downreg_Dbip1_0h	BP
GO:0006289	nucleotide-excision repair	24	6	2.05	0.04118	downreg_Dbip1_0h	BP
GO:0000184	nuclear-transcribed mRNA catabolic proce...	10	3	0.85	0.04724	downreg_Dbip1_0h	BP
GO:0000027	ribosomal large subunit assembly	15	6	0.88	0.00013	downreg_Dbip1_24h	BP
GO:0006412	translation	293	29	17.2	0.00083	downreg_Dbip1_24h	BP
GO:0051301	cell division	95	13	5.58	0.00084	downreg_Dbip1_24h	BP
GO:0110136	protein-RNA complex remodeling	2	2	0.12	0.00344	downreg_Dbip1_24h	BP
GO:0140429	positive regulation of mitotic sister ch...	2	2	0.12	0.00344	downreg_Dbip1_24h	BP
GO:0030466	silent mating-type cassette heterochroma...	9	3	0.53	0.01294	downreg_Dbip1_24h	BP
GO:0006407	rRNA export from nucleus	4	2	0.23	0.01906	downreg_Dbip1_24h	BP
GO:0106035	protein maturation by [4Fe-4S] cluster t...	4	2	0.23	0.01906	downreg_Dbip1_24h	BP
GO:1990547	mitochondrial phosphate ion transmembran...	4	2	0.23	0.01906	downreg_Dbip1_24h	BP
GO:0006750	glutathione biosynthetic process	4	2	0.23	0.01906	downreg_Dbip1_24h	BP
GO:0006730	one-carbon metabolic process	17	4	1	0.0296	downreg_Dbip1_24h	BP
GO:0070814	hydrogen sulfide biosynthetic process	7	3	0.41	0.03044	downreg_Dbip1_24h	BP
GO:0000056	ribosomal small subunit export from nucl...	5	2	0.29	0.03054	downreg_Dbip1_24h	BP
GO:0006631	fatty acid metabolic process	63	4	3.7	0.03071	downreg_Dbip1_24h	BP
GO:0007018	microtubule-based movement	21	4	1.23	0.03163	downreg_Dbip1_24h	BP
GO:0007049	cell cycle	246	22	14.44	0.03571	downreg_Dbip1_24h	BP
GO:0106074	aminoacyl-tRNA metabolism involved in tr...	7	4	0.13	3.7e-06	downreg_Dbip1_4h	BP
GO:0007010	cytoskeleton organization	84	5	1.55	0.00033	downreg_Dbip1_4h	BP
GO:0045901	positive regulation of translational elo...	2	2	0.04	0.00034	downreg_Dbip1_4h	BP
GO:0045905	positive regulation of translational ter...	2	2	0.04	0.00034	downreg_Dbip1_4h	BP
GO:0006432	phenylalanyl-tRNA aminoacylation	3	2	0.06	0.001	downreg_Dbip1_4h	BP
GO:0008612	peptidyl-lysine modification to peptidyl...	4	2	0.07	0.00198	downreg_Dbip1_4h	BP
GO:0120009	intermembrane lipid transfer	5	2	0.09	0.00326	downreg_Dbip1_4h	BP
GO:0006541	glutamine metabolic process	18	3	0.33	0.0041	downreg_Dbip1_4h	BP
GO:0007018	microtubule-based movement	21	4	0.39	0.00472	downreg_Dbip1_4h	BP
GO:0006452	translational frameshifting	6	2	0.11	0.00484	downreg_Dbip1_4h	BP
GO:0006048	UDP-N-acetylglucosamine biosynthetic pro...	6	2	0.11	0.00484	downreg_Dbip1_4h	BP
GO:0006414	translational elongation	30	5	0.55	0.0054	downreg_Dbip1_4h	BP
GO:0042823	pyridoxal phosphate biosynthetic process	7	2	0.13	0.00669	downreg_Dbip1_4h	BP
GO:0006098	pentose-phosphate shunt	9	2	0.17	0.01119	downreg_Dbip1_4h	BP
GO:0051258	protein polymerization	27	3	0.5	0.01304	downreg_Dbip1_4h	BP
GO:0006190	inosine salvage	1	1	0.02	0.01846	downreg_Dbip1_4h	BP
GO:0030448	hyphal growth	1	1	0.02	0.01846	downreg_Dbip1_4h	BP
GO:0071590	nicotinamide riboside biosynthetic proce...	1	1	0.02	0.01846	downreg_Dbip1_4h	BP
GO:0071592	nicotinic acid riboside biosynthetic pro...	1	1	0.02	0.01846	downreg_Dbip1_4h	BP
GO:0097054	L-glutamate biosynthetic process	1	1	0.02	0.01846	downreg_Dbip1_4h	BP
GO:0019478	D-amino acid catabolic process	1	1	0.02	0.01846	downreg_Dbip1_4h	BP
GO:0006425	glutaminyl-tRNA aminoacylation	1	1	0.02	0.01846	downreg_Dbip1_4h	BP
GO:0106259	cell-to-cell migration in host	1	1	0.02	0.01846	downreg_Dbip1_4h	BP
GO:0006438	valyl-tRNA aminoacylation	1	1	0.02	0.01846	downreg_Dbip1_4h	BP
GO:1903087	mitotic spindle pole body duplication	1	1	0.02	0.01846	downreg_Dbip1_4h	BP
GO:0098863	nuclear migration by microtubule mediate...	2	1	0.04	0.03658	downreg_Dbip1_4h	BP
GO:0000379	tRNA-type intron splice site recognition...	2	1	0.04	0.03658	downreg_Dbip1_4h	BP
GO:0033609	oxalate metabolic process	2	1	0.04	0.03658	downreg_Dbip1_4h	BP
GO:0007205	protein kinase C-activating G protein-co...	2	1	0.04	0.03658	downreg_Dbip1_4h	BP
GO:0010142	farnesyl diphosphate biosynthetic proces...	2	1	0.04	0.03658	downreg_Dbip1_4h	BP
GO:1904263	positive regulation of TORC1 signaling	2	1	0.04	0.03658	downreg_Dbip1_4h	BP
GO:0032049	cardiolipin biosynthetic process	2	1	0.04	0.03658	downreg_Dbip1_4h	BP
GO:0031388	organic acid phosphorylation	2	1	0.04	0.03658	downreg_Dbip1_4h	BP
GO:0006424	glutamyl-tRNA aminoacylation	2	1	0.04	0.03658	downreg_Dbip1_4h	BP
GO:0006428	isoleucyl-tRNA aminoacylation	2	1	0.04	0.03658	downreg_Dbip1_4h	BP
GO:0048312	intracellular distribution of mitochondr...	2	1	0.04	0.03658	downreg_Dbip1_4h	BP
GO:0006431	methionyl-tRNA aminoacylation	2	1	0.04	0.03658	downreg_Dbip1_4h	BP
GO:0071840	cellular component organization or bioge...	833	15	15.38	0.03694	downreg_Dbip1_4h	BP
GO:0000160	phosphorelay signal transduction system	17	2	0.31	0.0384	downreg_Dbip1_4h	BP
GO:0008152	metabolic process	3931	79	72.56	0.04438	downreg_Dbip1_4h	BP
GO:0006364	rRNA processing	138	61	8.9	5.7e-14	downreg_Dmst12_0h	BP
GO:0000463	maturation of LSU-rRNA from tricistronic...	19	12	1.23	1.5e-10	downreg_Dmst12_0h	BP
GO:0000447	endonucleolytic cleavage in ITS1 to sepa...	16	11	1.03	2.4e-10	downreg_Dmst12_0h	BP
GO:0000472	endonucleolytic cleavage to generate mat...	14	10	0.9	9.1e-10	downreg_Dmst12_0h	BP
GO:0000480	endonucleolytic cleavage in 5'-ETS of tr...	13	9	0.84	1e-08	downreg_Dmst12_0h	BP
GO:0000462	maturation of SSU-rRNA from tricistronic...	34	22	2.19	1.2e-08	downreg_Dmst12_0h	BP
GO:0042274	ribosomal small subunit biogenesis	49	29	3.16	1.7e-05	downreg_Dmst12_0h	BP
GO:0042273	ribosomal large subunit biogenesis	41	22	2.64	1.8e-05	downreg_Dmst12_0h	BP
GO:0006355	regulation of DNA-templated transcriptio...	428	39	27.6	0.00013	downreg_Dmst12_0h	BP
GO:0000466	maturation of 5.8S rRNA from tricistroni...	33	17	2.13	0.00019	downreg_Dmst12_0h	BP
GO:0006338	chromatin remodeling	84	14	5.42	0.00063	downreg_Dmst12_0h	BP
GO:0000055	ribosomal large subunit export from nucl...	8	4	0.52	0.00097	downreg_Dmst12_0h	BP
GO:0000027	ribosomal large subunit assembly	15	5	0.97	0.00191	downreg_Dmst12_0h	BP
GO:0031167	rRNA methylation	14	5	0.9	0.0024	downreg_Dmst12_0h	BP
GO:0110136	protein-RNA complex remodeling	2	2	0.13	0.00415	downreg_Dmst12_0h	BP
GO:0006552	leucine catabolic process	2	2	0.13	0.00415	downreg_Dmst12_0h	BP
GO:0007089	traversing start control point of mitoti...	2	2	0.13	0.00415	downreg_Dmst12_0h	BP
GO:0097623	potassium ion export across plasma membr...	2	2	0.13	0.00415	downreg_Dmst12_0h	BP
GO:1902626	assembly of large subunit precursor of p...	6	3	0.39	0.0046	downreg_Dmst12_0h	BP
GO:0006559	L-phenylalanine catabolic process	6	3	0.39	0.0046	downreg_Dmst12_0h	BP
GO:0016973	poly(A)+ mRNA export from nucleus	12	4	0.77	0.00558	downreg_Dmst12_0h	BP
GO:0042255	ribosome assembly	24	9	1.55	0.00747	downreg_Dmst12_0h	BP
GO:0046656	folic acid biosynthetic process	7	3	0.45	0.00767	downreg_Dmst12_0h	BP
GO:0042254	ribosome biogenesis	180	75	11.61	0.00855	downreg_Dmst12_0h	BP
GO:0007049	cell cycle	246	25	15.86	0.01101	downreg_Dmst12_0h	BP
GO:0035998	7,8-dihydroneopterin 3'-triphosphate bio...	3	2	0.19	0.01192	downreg_Dmst12_0h	BP
GO:0006572	tyrosine catabolic process	3	2	0.19	0.01192	downreg_Dmst12_0h	BP
GO:0006574	valine catabolic process	3	2	0.19	0.01192	downreg_Dmst12_0h	BP
GO:2000232	regulation of rRNA processing	3	2	0.19	0.01192	downreg_Dmst12_0h	BP
GO:0051056	regulation of small GTPase mediated sign...	26	5	1.68	0.01663	downreg_Dmst12_0h	BP
GO:0000160	phosphorelay signal transduction system	17	4	1.1	0.02075	downreg_Dmst12_0h	BP
GO:0006265	DNA topological change	4	2	0.26	0.02282	downreg_Dmst12_0h	BP
GO:0002943	tRNA dihydrouridine synthesis	4	2	0.26	0.02282	downreg_Dmst12_0h	BP
GO:0006744	ubiquinone biosynthetic process	11	3	0.71	0.02981	downreg_Dmst12_0h	BP
GO:0006396	RNA processing	352	79	22.7	0.03513	downreg_Dmst12_0h	BP
GO:0046654	tetrahydrofolate biosynthetic process	5	2	0.32	0.03643	downreg_Dmst12_0h	BP
GO:0000056	ribosomal small subunit export from nucl...	5	2	0.32	0.03643	downreg_Dmst12_0h	BP
GO:0006546	glycine catabolic process	5	2	0.32	0.03643	downreg_Dmst12_0h	BP
GO:0055085	transmembrane transport	606	66	46.39	1.4e-05	downreg_Dmst12_24h	BP
GO:0030245	cellulose catabolic process	22	7	1.68	0.00092	downreg_Dmst12_24h	BP
GO:0009103	lipopolysaccharide biosynthetic process	8	4	0.61	0.00185	downreg_Dmst12_24h	BP
GO:0008152	metabolic process	3931	288	300.9	0.00225	downreg_Dmst12_24h	BP
GO:0019343	cysteine biosynthetic process via cystat...	2	2	0.15	0.00585	downreg_Dmst12_24h	BP
GO:1901106	tetracenomycin C biosynthetic process	2	2	0.15	0.00585	downreg_Dmst12_24h	BP
GO:0008643	carbohydrate transport	34	7	2.6	0.01297	downreg_Dmst12_24h	BP
GO:0006801	superoxide metabolic process	8	3	0.61	0.01663	downreg_Dmst12_24h	BP
GO:0000105	histidine biosynthetic process	8	3	0.61	0.01867	downreg_Dmst12_24h	BP
GO:0043386	mycotoxin biosynthetic process	16	4	1.22	0.02949	downreg_Dmst12_24h	BP
GO:0017000	antibiotic biosynthetic process	4	2	0.31	0.03163	downreg_Dmst12_24h	BP
GO:0051083	'de novo' cotranslational protein foldin...	4	2	0.31	0.03163	downreg_Dmst12_24h	BP
GO:0006535	cysteine biosynthetic process from serin...	4	2	0.31	0.03163	downreg_Dmst12_24h	BP
GO:0070814	hydrogen sulfide biosynthetic process	7	3	0.54	0.04995	downreg_Dmst12_24h	BP
GO:0006355	regulation of DNA-templated transcriptio...	428	54	29.6	0.00024	downreg_Dmst12_4h	BP
GO:0106074	aminoacyl-tRNA metabolism involved in tr...	7	4	0.48	0.00067	downreg_Dmst12_4h	BP
GO:0051258	protein polymerization	27	5	1.87	0.00125	downreg_Dmst12_4h	BP
GO:1903833	positive regulation of cellular response...	4	3	0.28	0.00125	downreg_Dmst12_4h	BP
GO:0120009	intermembrane lipid transfer	5	3	0.35	0.00296	downreg_Dmst12_4h	BP
GO:0034198	cellular response to amino acid starvati...	6	5	0.41	0.00473	downreg_Dmst12_4h	BP
GO:0007010	cytoskeleton organization	84	9	5.81	0.00475	downreg_Dmst12_4h	BP
GO:0006096	glycolytic process	20	6	1.38	0.00476	downreg_Dmst12_4h	BP
GO:0045901	positive regulation of translational elo...	2	2	0.14	0.00478	downreg_Dmst12_4h	BP
GO:0045905	positive regulation of translational ter...	2	2	0.14	0.00478	downreg_Dmst12_4h	BP
GO:0006048	UDP-N-acetylglucosamine biosynthetic pro...	6	3	0.41	0.00562	downreg_Dmst12_4h	BP
GO:0006357	regulation of transcription by RNA polym...	282	33	19.5	0.00834	downreg_Dmst12_4h	BP
GO:0045454	cell redox homeostasis	21	5	1.45	0.01251	downreg_Dmst12_4h	BP
GO:0034765	regulation of monoatomic ion transmembra...	5	3	0.35	0.01363	downreg_Dmst12_4h	BP
GO:0006432	phenylalanyl-tRNA aminoacylation	3	2	0.21	0.01367	downreg_Dmst12_4h	BP
GO:0006094	gluconeogenesis	15	4	1.04	0.01413	downreg_Dmst12_4h	BP
GO:0008612	peptidyl-lysine modification to peptidyl...	4	2	0.28	0.02609	downreg_Dmst12_4h	BP
GO:0006097	glyoxylate cycle	4	2	0.28	0.02609	downreg_Dmst12_4h	BP
GO:0000160	phosphorelay signal transduction system	17	4	1.18	0.02614	downreg_Dmst12_4h	BP
GO:0009086	methionine biosynthetic process	18	6	1.24	0.02706	downreg_Dmst12_4h	BP
GO:0006488	dolichol-linked oligosaccharide biosynth...	10	3	0.69	0.02737	downreg_Dmst12_4h	BP
GO:0006468	protein phosphorylation	157	18	10.86	0.03003	downreg_Dmst12_4h	BP
GO:0006890	retrograde vesicle-mediated transport, G...	19	4	1.31	0.03817	downreg_Dmst12_4h	BP
GO:0010038	response to metal ion	9	3	0.62	0.0414	downreg_Dmst12_4h	BP
GO:0019509	L-methionine salvage from methylthioaden...	5	2	0.35	0.0415	downreg_Dmst12_4h	BP
GO:0034470	ncRNA processing	221	8	15.28	0.04277	downreg_Dmst12_4h	BP
GO:0006414	translational elongation	30	7	2.07	0.04462	downreg_Dmst12_4h	BP
GO:0046835	carbohydrate phosphorylation	12	3	0.83	0.04527	downreg_Dmst12_4h	BP
GO:0005975	carbohydrate metabolic process	404	51	27.54	0.00028	upreg_Dbip1_0h	BP
GO:0098869	cellular oxidant detoxification	33	8	2.25	0.0022	upreg_Dbip1_0h	BP
GO:0006094	gluconeogenesis	15	5	1.02	0.00245	upreg_Dbip1_0h	BP
GO:0000103	sulfate assimilation	7	5	0.48	0.00281	upreg_Dbip1_0h	BP
GO:0016310	phosphorylation	263	20	17.93	0.00392	upreg_Dbip1_0h	BP
GO:0006096	glycolytic process	20	6	1.36	0.00447	upreg_Dbip1_0h	BP
GO:0019354	siroheme biosynthetic process	2	2	0.14	0.00464	upreg_Dbip1_0h	BP
GO:0019379	sulfate assimilation, phosphoadenylyl su...	2	2	0.14	0.00464	upreg_Dbip1_0h	BP
GO:0015671	oxygen transport	2	2	0.14	0.00464	upreg_Dbip1_0h	BP
GO:0006048	UDP-N-acetylglucosamine biosynthetic pro...	6	3	0.41	0.00539	upreg_Dbip1_0h	BP
GO:1901576	organic substance biosynthetic process	1896	130	129.26	0.00561	upreg_Dbip1_0h	BP
GO:0016126	sterol biosynthetic process	22	5	1.5	0.00679	upreg_Dbip1_0h	BP
GO:0044249	cellular biosynthetic process	1863	122	127.01	0.00699	upreg_Dbip1_0h	BP
GO:0070814	hydrogen sulfide biosynthetic process	7	3	0.48	0.00897	upreg_Dbip1_0h	BP
GO:0009099	valine biosynthetic process	7	3	0.48	0.00897	upreg_Dbip1_0h	BP
GO:0044396	actin cortical patch organization	13	4	0.89	0.00931	upreg_Dbip1_0h	BP
GO:0008152	metabolic process	3931	306	268	0.00996	upreg_Dbip1_0h	BP
GO:0045454	cell redox homeostasis	21	5	1.43	0.0118	upreg_Dbip1_0h	BP
GO:0006006	glucose metabolic process	20	7	1.36	0.01311	upreg_Dbip1_0h	BP
GO:0006012	galactose metabolic process	4	3	0.27	0.01325	upreg_Dbip1_0h	BP
GO:0000105	histidine biosynthetic process	8	3	0.55	0.01362	upreg_Dbip1_0h	BP
GO:0019344	cysteine biosynthetic process	9	3	0.61	0.01942	upreg_Dbip1_0h	BP
GO:0009097	isoleucine biosynthetic process	9	3	0.61	0.01942	upreg_Dbip1_0h	BP
GO:0006144	purine nucleobase metabolic process	13	4	0.89	0.02526	upreg_Dbip1_0h	BP
GO:0097428	protein maturation by iron-sulfur cluste...	8	3	0.55	0.02532	upreg_Dbip1_0h	BP
GO:0000162	tryptophan biosynthetic process	4	2	0.27	0.02538	upreg_Dbip1_0h	BP
GO:0008655	pyrimidine-containing compound salvage	4	2	0.27	0.02538	upreg_Dbip1_0h	BP
GO:0017000	antibiotic biosynthetic process	4	2	0.27	0.02538	upreg_Dbip1_0h	BP
GO:0005992	trehalose biosynthetic process	4	2	0.27	0.02538	upreg_Dbip1_0h	BP
GO:0042744	hydrogen peroxide catabolic process	4	2	0.27	0.02538	upreg_Dbip1_0h	BP
GO:0006750	glutathione biosynthetic process	4	2	0.27	0.02538	upreg_Dbip1_0h	BP
GO:0015680	protein maturation by copper ion transfe...	4	2	0.27	0.02538	upreg_Dbip1_0h	BP
GO:0009231	riboflavin biosynthetic process	10	3	0.68	0.02636	upreg_Dbip1_0h	BP
GO:0009086	methionine biosynthetic process	18	4	1.23	0.03039	upreg_Dbip1_0h	BP
GO:0009058	biosynthetic process	1953	137	133.15	0.03316	upreg_Dbip1_0h	BP
GO:0006879	intracellular iron ion homeostasis	12	4	0.82	0.03429	upreg_Dbip1_0h	BP
GO:0006457	protein folding	90	14	6.14	0.03986	upreg_Dbip1_0h	BP
GO:0006520	amino acid metabolic process	219	35	14.93	0.04007	upreg_Dbip1_0h	BP
GO:0009073	aromatic amino acid family biosynthetic ...	12	5	0.82	0.04007	upreg_Dbip1_0h	BP
GO:0042438	melanin biosynthetic process	5	2	0.34	0.04041	upreg_Dbip1_0h	BP
GO:0019287	isopentenyl diphosphate biosynthetic pro...	5	2	0.34	0.04041	upreg_Dbip1_0h	BP
GO:0034765	regulation of monoatomic ion transmembra...	5	2	0.34	0.04041	upreg_Dbip1_0h	BP
GO:0006066	alcohol metabolic process	75	10	5.11	0.04267	upreg_Dbip1_0h	BP
GO:0000413	protein peptidyl-prolyl isomerization	12	3	0.82	0.04366	upreg_Dbip1_0h	BP
GO:0046835	carbohydrate phosphorylation	12	3	0.82	0.04366	upreg_Dbip1_0h	BP
GO:0034599	cellular response to oxidative stress	38	6	2.59	0.04984	upreg_Dbip1_0h	BP
GO:0055085	transmembrane transport	606	94	59.81	9.9e-06	upreg_Dbip1_24h	BP
GO:0008152	metabolic process	3931	356	387.97	0.00057	upreg_Dbip1_24h	BP
GO:0035672	oligopeptide transmembrane transport	13	6	1.28	0.00085	upreg_Dbip1_24h	BP
GO:0006878	intracellular copper ion homeostasis	11	5	1.09	0.00257	upreg_Dbip1_24h	BP
GO:0035434	copper ion transmembrane transport	8	4	0.79	0.00476	upreg_Dbip1_24h	BP
GO:0019441	tryptophan catabolic process to kynureni...	8	4	0.79	0.00476	upreg_Dbip1_24h	BP
GO:0071918	urea transmembrane transport	2	2	0.2	0.00973	upreg_Dbip1_24h	BP
GO:0008295	spermidine biosynthetic process	2	2	0.2	0.00973	upreg_Dbip1_24h	BP
GO:0009398	FMN biosynthetic process	2	2	0.2	0.00973	upreg_Dbip1_24h	BP
GO:0032259	methylation	161	20	15.89	0.02063	upreg_Dbip1_24h	BP
GO:0019408	dolichol biosynthetic process	3	2	0.3	0.02727	upreg_Dbip1_24h	BP
GO:0006826	iron ion transport	13	4	1.28	0.03261	upreg_Dbip1_24h	BP
GO:0009103	lipopolysaccharide biosynthetic process	8	3	0.79	0.03673	upreg_Dbip1_24h	BP
GO:1901360	organic cyclic compound metabolic proces...	1519	113	149.92	0.0402	upreg_Dbip1_24h	BP
GO:0000272	polysaccharide catabolic process	102	16	5.77	0.00062	upreg_Dbip1_4h	BP
GO:0005975	carbohydrate metabolic process	404	46	22.87	0.00118	upreg_Dbip1_4h	BP
GO:0006032	chitin catabolic process	16	5	0.91	0.00148	upreg_Dbip1_4h	BP
GO:0006044	N-acetylglucosamine metabolic process	2	2	0.11	0.0032	upreg_Dbip1_4h	BP
GO:0031142	induction of conjugation upon nitrogen s...	2	2	0.11	0.0032	upreg_Dbip1_4h	BP
GO:0019290	siderophore biosynthetic process	2	2	0.11	0.0032	upreg_Dbip1_4h	BP
GO:0035672	oligopeptide transmembrane transport	13	4	0.74	0.00481	upreg_Dbip1_4h	BP
GO:0030245	cellulose catabolic process	22	5	1.25	0.00671	upreg_Dbip1_4h	BP
GO:0008152	metabolic process	3931	227	222.53	0.0076	upreg_Dbip1_4h	BP
GO:0055085	transmembrane transport	606	55	34.3	0.01065	upreg_Dbip1_4h	BP
GO:0006508	proteolysis	341	23	19.3	0.01393	upreg_Dbip1_4h	BP
GO:0044550	secondary metabolite biosynthetic proces...	53	11	3	0.01823	upreg_Dbip1_4h	BP
GO:0006878	intracellular copper ion homeostasis	11	3	0.62	0.02115	upreg_Dbip1_4h	BP
GO:0009058	biosynthetic process	1953	74	110.56	0.02481	upreg_Dbip1_4h	BP
GO:0042438	melanin biosynthetic process	5	2	0.28	0.02852	upreg_Dbip1_4h	BP
GO:0030001	metal ion transport	101	13	5.72	0.03275	upreg_Dbip1_4h	BP
GO:0006694	steroid biosynthetic process	28	4	1.59	0.04108	upreg_Dbip1_4h	BP
GO:0006559	L-phenylalanine catabolic process	6	2	0.34	0.0412	upreg_Dbip1_4h	BP
GO:0015680	protein maturation by copper ion transfe...	4	3	0.19	0.00043	upreg_Dmst12_0h	BP
GO:0000103	sulfate assimilation	7	5	0.34	0.00102	upreg_Dmst12_0h	BP
GO:0019344	cysteine biosynthetic process	9	4	0.43	0.00103	upreg_Dmst12_0h	BP
GO:0019379	sulfate assimilation, phosphoadenylyl su...	2	2	0.1	0.00232	upreg_Dmst12_0h	BP
GO:0070814	hydrogen sulfide biosynthetic process	7	3	0.34	0.00337	upreg_Dmst12_0h	BP
GO:0009117	nucleotide metabolic process	148	11	7.14	0.00746	upreg_Dmst12_0h	BP
GO:0098869	cellular oxidant detoxification	33	6	1.59	0.00991	upreg_Dmst12_0h	BP
GO:0009231	riboflavin biosynthetic process	10	3	0.48	0.01037	upreg_Dmst12_0h	BP
GO:0008655	pyrimidine-containing compound salvage	4	2	0.19	0.01305	upreg_Dmst12_0h	BP
GO:0006750	glutathione biosynthetic process	4	2	0.19	0.01305	upreg_Dmst12_0h	BP
GO:0005992	trehalose biosynthetic process	4	2	0.19	0.01305	upreg_Dmst12_0h	BP
GO:0000413	protein peptidyl-prolyl isomerization	12	3	0.58	0.0177	upreg_Dmst12_0h	BP
GO:0032220	plasma membrane fusion involved in cytog...	5	2	0.24	0.02106	upreg_Dmst12_0h	BP
GO:0019509	L-methionine salvage from methylthioaden...	5	2	0.24	0.02106	upreg_Dmst12_0h	BP
GO:0019287	isopentenyl diphosphate biosynthetic pro...	5	2	0.24	0.02106	upreg_Dmst12_0h	BP
GO:0009408	response to heat	10	3	0.48	0.03048	upreg_Dmst12_0h	BP
GO:0006048	UDP-N-acetylglucosamine biosynthetic pro...	6	2	0.29	0.0306	upreg_Dmst12_0h	BP
GO:0009099	valine biosynthetic process	7	2	0.34	0.04149	upreg_Dmst12_0h	BP
GO:0042026	protein refolding	7	2	0.34	0.04149	upreg_Dmst12_0h	BP
GO:0019243	methylglyoxal catabolic process to D-lac...	1	1	0.05	0.04824	upreg_Dmst12_0h	BP
GO:0051091	positive regulation of DNA-binding trans...	1	1	0.05	0.04824	upreg_Dmst12_0h	BP
GO:0006228	UTP biosynthetic process	1	1	0.05	0.04824	upreg_Dmst12_0h	BP
GO:0070966	nuclear-transcribed mRNA catabolic proce...	1	1	0.05	0.04824	upreg_Dmst12_0h	BP
GO:0006217	deoxycytidine catabolic process	1	1	0.05	0.04824	upreg_Dmst12_0h	BP
GO:0010043	response to zinc ion	1	1	0.05	0.04824	upreg_Dmst12_0h	BP
GO:0010045	response to nickel cation	1	1	0.05	0.04824	upreg_Dmst12_0h	BP
GO:0015677	copper ion import	1	1	0.05	0.04824	upreg_Dmst12_0h	BP
GO:0042183	formate catabolic process	1	1	0.05	0.04824	upreg_Dmst12_0h	BP
GO:0019307	mannose biosynthetic process	1	1	0.05	0.04824	upreg_Dmst12_0h	BP
GO:0034477	U6 snRNA 3'-end processing	1	1	0.05	0.04824	upreg_Dmst12_0h	BP
GO:0044539	long-chain fatty acid import into cell	1	1	0.05	0.04824	upreg_Dmst12_0h	BP
GO:0009439	cyanate metabolic process	1	1	0.05	0.04824	upreg_Dmst12_0h	BP
GO:0019478	D-amino acid catabolic process	1	1	0.05	0.04824	upreg_Dmst12_0h	BP
GO:0016095	polyprenol catabolic process	1	1	0.05	0.04824	upreg_Dmst12_0h	BP
GO:0070370	cellular heat acclimation	1	1	0.05	0.04824	upreg_Dmst12_0h	BP
GO:0009972	cytidine deamination	1	1	0.05	0.04824	upreg_Dmst12_0h	BP
GO:1901856	negative regulation of cellular respirat...	1	1	0.05	0.04824	upreg_Dmst12_0h	BP
GO:1990414	replication-born double-strand break rep...	1	1	0.05	0.04824	upreg_Dmst12_0h	BP
GO:0006190	inosine salvage	1	1	0.05	0.04824	upreg_Dmst12_0h	BP
GO:0071590	nicotinamide riboside biosynthetic proce...	1	1	0.05	0.04824	upreg_Dmst12_0h	BP
GO:0071592	nicotinic acid riboside biosynthetic pro...	1	1	0.05	0.04824	upreg_Dmst12_0h	BP
GO:0009691	cytokinin biosynthetic process	1	1	0.05	0.04824	upreg_Dmst12_0h	BP
GO:1903424	fluoride transmembrane transport	1	1	0.05	0.04824	upreg_Dmst12_0h	BP
GO:0006183	GTP biosynthetic process	1	1	0.05	0.04824	upreg_Dmst12_0h	BP
GO:0035719	tRNA import into nucleus	1	1	0.05	0.04824	upreg_Dmst12_0h	BP
GO:0034276	kynurenic acid biosynthetic process	1	1	0.05	0.04824	upreg_Dmst12_0h	BP
GO:0009204	deoxyribonucleoside triphosphate catabol...	1	1	0.05	0.04824	upreg_Dmst12_0h	BP
GO:0034396	negative regulation of transcription fro...	1	1	0.05	0.04824	upreg_Dmst12_0h	BP
GO:0006878	intracellular copper ion homeostasis	11	6	0.9	9.7e-05	upreg_Dmst12_24h	BP
GO:0006508	proteolysis	341	37	28.03	0.0011	upreg_Dmst12_24h	BP
GO:0035434	copper ion transmembrane transport	8	4	0.66	0.0024	upreg_Dmst12_24h	BP
GO:0055085	transmembrane transport	606	76	49.82	0.0045	upreg_Dmst12_24h	BP
GO:0008295	spermidine biosynthetic process	2	2	0.16	0.0067	upreg_Dmst12_24h	BP
GO:0006694	steroid biosynthetic process	28	5	2.3	0.0091	upreg_Dmst12_24h	BP
GO:0008152	metabolic process	3931	289	323.15	0.0094	upreg_Dmst12_24h	BP
GO:0035672	oligopeptide transmembrane transport	13	4	1.07	0.0177	upreg_Dmst12_24h	BP
GO:0019408	dolichol biosynthetic process	3	2	0.25	0.0191	upreg_Dmst12_24h	BP
GO:0006357	regulation of transcription by RNA polym...	282	31	23.18	0.0327	upreg_Dmst12_24h	BP
GO:0015680	protein maturation by copper ion transfe...	4	2	0.33	0.0362	upreg_Dmst12_24h	BP
GO:0071805	potassium ion transmembrane transport	10	3	0.82	0.0429	upreg_Dmst12_24h	BP
GO:0005975	carbohydrate metabolic process	404	61	37.74	5.1e-05	upreg_Dmst12_4h	BP
GO:0030001	metal ion transport	101	19	9.43	0.0046	upreg_Dmst12_4h	BP
GO:0120029	proton export across plasma membrane	2	2	0.19	0.0087	upreg_Dmst12_4h	BP
GO:0031142	induction of conjugation upon nitrogen s...	2	2	0.19	0.0087	upreg_Dmst12_4h	BP
GO:0006044	N-acetylglucosamine metabolic process	2	2	0.19	0.0087	upreg_Dmst12_4h	BP
GO:0019290	siderophore biosynthetic process	2	2	0.19	0.0087	upreg_Dmst12_4h	BP
GO:0006559	L-phenylalanine catabolic process	6	3	0.56	0.0131	upreg_Dmst12_4h	BP
GO:0006508	proteolysis	341	33	31.85	0.0136	upreg_Dmst12_4h	BP
GO:0006878	intracellular copper ion homeostasis	11	4	1.03	0.0146	upreg_Dmst12_4h	BP
GO:0008152	metabolic process	3931	357	367.17	0.0155	upreg_Dmst12_4h	BP
GO:0035672	oligopeptide transmembrane transport	13	4	1.21	0.0272	upreg_Dmst12_4h	BP
GO:0044550	secondary metabolite biosynthetic proces...	53	15	4.95	0.0398	upreg_Dmst12_4h	BP
GO:0055085	transmembrane transport	606	77	56.6	0.0412	upreg_Dmst12_4h	BP
GO:0006116	NADH oxidation	4	2	0.37	0.046	upreg_Dmst12_4h	BP
GO:0000272	polysaccharide catabolic process	102	16	9.53	0.0476	upreg_Dmst12_4h	BP
GO:0030245	cellulose catabolic process	22	5	2.05	0.0484	upreg_Dmst12_4h	BP
GO:0005730	nucleolus	146	80	12.71	< 1e-30	downreg_Dbip1_0h	CC
GO:0032040	small-subunit processome	35	27	3.05	1.9e-22	downreg_Dbip1_0h	CC
GO:0030687	preribosome, large subunit precursor	22	19	1.92	6.7e-15	downreg_Dbip1_0h	CC
GO:0005634	nucleus	1255	238	109.28	2.1e-10	downreg_Dbip1_0h	CC
GO:0005643	nuclear pore	24	13	2.09	7.8e-08	downreg_Dbip1_0h	CC
GO:0005622	intracellular anatomical structure	2867	383	249.65	3.9e-05	downreg_Dbip1_0h	CC
GO:0030688	preribosome, small subunit precursor	11	7	0.96	6.6e-05	downreg_Dbip1_0h	CC
GO:0030686	90S preribosome	19	15	1.65	0.00021	downreg_Dbip1_0h	CC
GO:0034388	Pwp2p-containing subcomplex of 90S preri...	3	3	0.26	0.00066	downreg_Dbip1_0h	CC
GO:0000428	DNA-directed RNA polymerase complex	61	13	5.31	0.00158	downreg_Dbip1_0h	CC
GO:0005721	pericentric heterochromatin	8	4	0.7	0.00300	downreg_Dbip1_0h	CC
GO:0005732	sno(s)RNA-containing ribonucleoprotein c...	19	7	1.65	0.00702	downreg_Dbip1_0h	CC
GO:0030690	Noc1p-Noc2p complex	2	2	0.17	0.00757	downreg_Dbip1_0h	CC
GO:0030691	Noc2p-Noc3p complex	2	2	0.17	0.00757	downreg_Dbip1_0h	CC
GO:0070545	PeBoW complex	2	2	0.17	0.00757	downreg_Dbip1_0h	CC
GO:0032301	MutSalpha complex	2	2	0.17	0.00757	downreg_Dbip1_0h	CC
GO:0140445	chromosome, telomeric repeat region	10	4	0.87	0.00782	downreg_Dbip1_0h	CC
GO:0005739	mitochondrion	435	56	37.88	0.00887	downreg_Dbip1_0h	CC
GO:0005744	TIM23 mitochondrial import inner membran...	10	4	0.87	0.01074	downreg_Dbip1_0h	CC
GO:0016459	myosin complex	6	3	0.52	0.01076	downreg_Dbip1_0h	CC
GO:0071014	post-mRNA release spliceosomal complex	24	6	2.09	0.01472	downreg_Dbip1_0h	CC
GO:0005654	nucleoplasm	91	15	7.92	0.01494	downreg_Dbip1_0h	CC
GO:0005635	nuclear envelope	51	19	4.44	0.01518	downreg_Dbip1_0h	CC
GO:0000439	transcription factor TFIIH core complex	7	3	0.61	0.01763	downreg_Dbip1_0h	CC
GO:0005741	mitochondrial outer membrane	28	7	2.44	0.02036	downreg_Dbip1_0h	CC
GO:0099115	chromosome, subtelomeric region	3	2	0.26	0.02140	downreg_Dbip1_0h	CC
GO:0034457	Mpp10 complex	3	2	0.26	0.02140	downreg_Dbip1_0h	CC
GO:0000935	division septum	9	3	0.78	0.03708	downreg_Dbip1_0h	CC
GO:0097038	perinuclear endoplasmic reticulum	4	2	0.35	0.04035	downreg_Dbip1_0h	CC
GO:0005742	mitochondrial outer membrane translocase...	4	2	0.35	0.04035	downreg_Dbip1_0h	CC
GO:0033553	rDNA heterochromatin	4	2	0.35	0.04035	downreg_Dbip1_0h	CC
GO:0031428	box C/D RNP complex	4	2	0.35	0.04035	downreg_Dbip1_0h	CC
GO:0005840	ribosome	156	30	9.28	1.9e-06	downreg_Dbip1_24h	CC
GO:0022625	cytosolic large ribosomal subunit	12	6	0.71	2.9e-05	downreg_Dbip1_24h	CC
GO:0031262	Ndc80 complex	3	3	0.18	0.00021	downreg_Dbip1_24h	CC
GO:1990904	ribonucleoprotein complex	333	40	19.8	0.00051	downreg_Dbip1_24h	CC
GO:0030688	preribosome, small subunit precursor	11	4	0.65	0.00291	downreg_Dbip1_24h	CC
GO:0140602	nucleolar peripheral inclusion body	6	3	0.36	0.00365	downreg_Dbip1_24h	CC
GO:0005730	nucleolus	146	19	8.68	0.01169	downreg_Dbip1_24h	CC
GO:0000776	kinetochore	33	7	1.96	0.01914	downreg_Dbip1_24h	CC
GO:0022627	cytosolic small ribosomal subunit	11	3	0.65	0.0241	downreg_Dbip1_24h	CC
GO:0030686	90S preribosome	19	5	1.13	0.0462	downreg_Dbip1_24h	CC
GO:0017102	methionyl glutamyl tRNA synthetase compl...	2	2	0.03	3e-04	downreg_Dbip1_4h	CC
GO:0000015	phosphopyruvate hydratase complex	1	1	0.02	0.0174	downreg_Dbip1_4h	CC
GO:0045298	tubulin complex	1	1	0.02	0.0174	downreg_Dbip1_4h	CC
GO:0009328	phenylalanine-tRNA ligase complex	1	1	0.02	0.0174	downreg_Dbip1_4h	CC
GO:0022625	cytosolic large ribosomal subunit	12	2	0.21	0.0177	downreg_Dbip1_4h	CC
GO:0005874	microtubule	42	4	0.73	0.0257	downreg_Dbip1_4h	CC
GO:0005853	eukaryotic translation elongation factor...	2	1	0.03	0.0345	downreg_Dbip1_4h	CC
GO:0005730	nucleolus	146	66	9.25	< 1e-30	downreg_Dmst12_0h	CC
GO:0032040	small-subunit processome	35	25	2.22	6.7e-23	downreg_Dmst12_0h	CC
GO:0030687	preribosome, large subunit precursor	22	15	1.39	1.2e-10	downreg_Dmst12_0h	CC
GO:0030688	preribosome, small subunit precursor	11	8	0.7	4.0e-07	downreg_Dmst12_0h	CC
GO:0030686	90S preribosome	19	16	1.2	1.4e-06	downreg_Dmst12_0h	CC
GO:0034388	Pwp2p-containing subcomplex of 90S preri...	3	3	0.19	0.00025	downreg_Dmst12_0h	CC
GO:0005635	nuclear envelope	51	13	3.23	0.00032	downreg_Dmst12_0h	CC
GO:0005634	nucleus	1255	160	79.52	0.00043	downreg_Dmst12_0h	CC
GO:0005739	mitochondrion	435	48	27.56	0.00043	downreg_Dmst12_0h	CC
GO:0000428	DNA-directed RNA polymerase complex	61	12	3.86	0.00046	downreg_Dmst12_0h	CC
GO:0030690	Noc1p-Noc2p complex	2	2	0.13	0.00401	downreg_Dmst12_0h	CC
GO:0030691	Noc2p-Noc3p complex	2	2	0.13	0.00401	downreg_Dmst12_0h	CC
GO:0070545	PeBoW complex	2	2	0.13	0.00401	downreg_Dmst12_0h	CC
GO:0005622	intracellular anatomical structure	2867	267	181.65	0.00939	downreg_Dmst12_0h	CC
GO:0005643	nuclear pore	24	6	1.52	0.01065	downreg_Dmst12_0h	CC
GO:0034457	Mpp10 complex	3	2	0.19	0.01152	downreg_Dmst12_0h	CC
GO:0005732	sno(s)RNA-containing ribonucleoprotein c...	19	6	1.2	0.01228	downreg_Dmst12_0h	CC
GO:0097038	perinuclear endoplasmic reticulum	4	2	0.25	0.02207	downreg_Dmst12_0h	CC
GO:0005742	mitochondrial outer membrane translocase...	4	2	0.25	0.02207	downreg_Dmst12_0h	CC
GO:0031428	box C/D RNP complex	4	2	0.25	0.02207	downreg_Dmst12_0h	CC
GO:0030915	Smc5-Smc6 complex	5	2	0.32	0.03525	downreg_Dmst12_0h	CC
GO:0042645	mitochondrial nucleoid	12	3	0.76	0.03622	downreg_Dmst12_0h	CC
GO:0005759	mitochondrial matrix	79	11	5.01	0.04192	downreg_Dmst12_0h	CC
GO:0005829	cytosol	178	25	12.11	0.0012	upreg_Dbip1_0h	CC
GO:0005737	cytoplasm	1545	115	105.15	0.0046	upreg_Dbip1_0h	CC
GO:0005885	Arp2/3 protein complex	7	3	0.48	0.0089	upreg_Dbip1_0h	CC
GO:0019008	molybdopterin synthase complex	3	2	0.2	0.0132	upreg_Dbip1_0h	CC
GO:0140453	protein aggregate center	4	2	0.27	0.0253	upreg_Dbip1_0h	CC
GO:0016020	membrane	2511	339	258.06	1.8e-18	upreg_Dbip1_24h	CC
GO:0005576	extracellular region	184	33	18.91	0.0025	upreg_Dbip1_24h	CC
GO:0005618	cell wall	50	10	5.14	0.018	upreg_Dbip1_24h	CC
GO:0019028	viral capsid	3	2	0.31	0.0295	upreg_Dbip1_24h	CC
GO:0016020	membrane	2511	185	148.16	8e-08	upreg_Dbip1_4h	CC
GO:0005576	extracellular region	184	24	10.86	0.0025	upreg_Dbip1_4h	CC
GO:0005615	extracellular space	12	4	0.71	0.0041	upreg_Dbip1_4h	CC
GO:0019028	viral capsid	3	2	0.18	0.01	upreg_Dbip1_4h	CC
GO:0000786	nucleosome	10	3	0.59	0.0179	upreg_Dbip1_4h	CC
GO:0009337	sulfite reductase complex (NADPH)	2	2	0.1	0.0024	upreg_Dmst12_0h	CC
GO:0019008	molybdopterin synthase complex	3	2	0.15	0.0071	upreg_Dmst12_0h	CC
GO:0140453	protein aggregate center	4	2	0.2	0.0137	upreg_Dmst12_0h	CC
GO:0071821	FANCM-MHF complex	1	1	0.05	0.0495	upreg_Dmst12_0h	CC
GO:1990389	CUE1-UBC7 ubiquitin-conjugating enzyme c...	1	1	0.05	0.0495	upreg_Dmst12_0h	CC
GO:0000837	Doa10p ubiquitin ligase complex	1	1	0.05	0.0495	upreg_Dmst12_0h	CC
GO:0000839	Hrd1p ubiquitin ligase ERAD-L complex	1	1	0.05	0.0495	upreg_Dmst12_0h	CC
GO:0120106	mitotic actomyosin contractile ring, dis...	1	1	0.05	0.0495	upreg_Dmst12_0h	CC
GO:0009326	formate dehydrogenase complex	1	1	0.05	0.0495	upreg_Dmst12_0h	CC
GO:0072380	TRC complex	1	1	0.05	0.0495	upreg_Dmst12_0h	CC
GO:1903269	ornithine carbamoyltransferase inhibitor...	1	1	0.05	0.0495	upreg_Dmst12_0h	CC
GO:0009349	riboflavin synthase complex	1	1	0.05	0.0495	upreg_Dmst12_0h	CC
GO:0016363	nuclear matrix	1	1	0.05	0.0495	upreg_Dmst12_0h	CC
GO:1902693	superoxide dismutase complex	1	1	0.05	0.0495	upreg_Dmst12_0h	CC
GO:0016020	membrane	2511	288	223.83	7.9e-14	upreg_Dmst12_24h	CC
GO:0005576	extracellular region	184	33	16.4	0.00024	upreg_Dmst12_24h	CC
GO:0019028	viral capsid	3	2	0.27	0.0224	upreg_Dmst12_24h	CC
GO:0016592	mediator complex	21	5	1.87	0.03392	upreg_Dmst12_24h	CC
GO:0031105	septin complex	4	2	0.36	0.04216	upreg_Dmst12_24h	CC
GO:0009279	cell outer membrane	4	2	0.36	0.04216	upreg_Dmst12_24h	CC
GO:0005524	ATP binding	656	121	54.85	7.1e-18	downreg_Dbip1_0h	MF
GO:0003723	RNA binding	328	88	27.43	2.7e-14	downreg_Dbip1_0h	MF
GO:0004386	helicase activity	103	45	8.61	2.6e-13	downreg_Dbip1_0h	MF
GO:0003676	nucleic acid binding	1015	212	84.87	7.5e-12	downreg_Dbip1_0h	MF
GO:0003724	RNA helicase activity	30	17	2.51	1.7e-11	downreg_Dbip1_0h	MF
GO:0016887	ATP hydrolysis activity	201	46	16.81	1.6e-10	downreg_Dbip1_0h	MF
GO:0140658	ATP-dependent chromatin remodeler activi...	26	13	2.17	6.1e-08	downreg_Dbip1_0h	MF
GO:0030515	snoRNA binding	19	13	1.59	9.7e-08	downreg_Dbip1_0h	MF
GO:0003677	DNA binding	465	79	38.88	1.2e-07	downreg_Dbip1_0h	MF
GO:0017056	structural constituent of nuclear pore	12	8	1	8.4e-07	downreg_Dbip1_0h	MF
GO:0005515	protein binding	905	116	75.67	9.1e-06	downreg_Dbip1_0h	MF
GO:0140359	ABC-type transporter activity	41	14	3.43	1.2e-05	downreg_Dbip1_0h	MF
GO:0000981	DNA-binding transcription factor activit...	189	31	15.8	2e-04	downreg_Dbip1_0h	MF
GO:0000155	phosphorelay sensor kinase activity	13	6	1.09	0.00034	downreg_Dbip1_0h	MF
GO:0000156	phosphorelay response regulator activity	13	6	1.09	0.00034	downreg_Dbip1_0h	MF
GO:0043021	ribonucleoprotein complex binding	27	10	2.26	0.00062	downreg_Dbip1_0h	MF
GO:0034511	U3 snoRNA binding	6	4	0.5	0.00063	downreg_Dbip1_0h	MF
GO:0008270	zinc ion binding	671	79	56.1	0.00095	downreg_Dbip1_0h	MF
GO:0008320	protein transmembrane transporter activi...	9	4	0.75	0.00218	downreg_Dbip1_0h	MF
GO:0032549	ribonucleoside binding	4	3	0.33	0.00218	downreg_Dbip1_0h	MF
GO:0070180	large ribosomal subunit rRNA binding	4	3	0.33	0.00218	downreg_Dbip1_0h	MF
GO:0016818	hydrolase activity, acting on acid anhyd...	333	66	27.84	0.00364	downreg_Dbip1_0h	MF
GO:0004725	protein tyrosine phosphatase activity	20	6	1.67	0.00468	downreg_Dbip1_0h	MF
GO:0042802	identical protein binding	45	11	3.76	0.00484	downreg_Dbip1_0h	MF
GO:0016817	hydrolase activity, acting on acid anhyd...	335	68	28.01	0.00628	downreg_Dbip1_0h	MF
GO:0004449	isocitrate dehydrogenase (NAD+) activity	2	2	0.17	0.00698	downreg_Dbip1_0h	MF
GO:0004534	5'-3' RNA exonuclease activity	2	2	0.17	0.00698	downreg_Dbip1_0h	MF
GO:0097157	pre-mRNA intronic binding	2	2	0.17	0.00698	downreg_Dbip1_0h	MF
GO:0004144	diacylglycerol O-acyltransferase activit...	2	2	0.17	0.00698	downreg_Dbip1_0h	MF
GO:0030943	mitochondrion targeting sequence binding	2	2	0.17	0.00698	downreg_Dbip1_0h	MF
GO:0003887	DNA-directed DNA polymerase activity	16	5	1.34	0.00808	downreg_Dbip1_0h	MF
GO:0003958	NADPH-hemoprotein reductase activity	6	3	0.5	0.00961	downreg_Dbip1_0h	MF
GO:0003746	translation elongation factor activity	17	5	1.42	0.01067	downreg_Dbip1_0h	MF
GO:0005388	P-type calcium transporter activity	7	3	0.59	0.01578	downreg_Dbip1_0h	MF
GO:0004100	chitin synthase activity	7	3	0.59	0.01578	downreg_Dbip1_0h	MF
GO:0015095	magnesium ion transmembrane transporter ...	7	3	0.59	0.01578	downreg_Dbip1_0h	MF
GO:0017111	ribonucleoside triphosphate phosphatase ...	304	61	25.42	0.01616	downreg_Dbip1_0h	MF
GO:0003899	DNA-directed 5'-3' RNA polymerase activi...	32	9	2.68	0.01718	downreg_Dbip1_0h	MF
GO:0003684	damaged DNA binding	19	5	1.59	0.01744	downreg_Dbip1_0h	MF
GO:0030623	U5 snRNA binding	3	2	0.25	0.01978	downreg_Dbip1_0h	MF
GO:0008139	nuclear localization sequence binding	3	2	0.25	0.01978	downreg_Dbip1_0h	MF
GO:0004375	glycine dehydrogenase (decarboxylating) ...	3	2	0.25	0.01978	downreg_Dbip1_0h	MF
GO:0003918	DNA topoisomerase type II (double strand...	3	2	0.25	0.01978	downreg_Dbip1_0h	MF
GO:0005347	ATP transmembrane transporter activity	20	5	1.67	0.0217	downreg_Dbip1_0h	MF
GO:0008138	protein tyrosine/serine/threonine phosph...	8	3	0.67	0.02369	downreg_Dbip1_0h	MF
GO:0003682	chromatin binding	34	9	2.84	0.02531	downreg_Dbip1_0h	MF
GO:0019843	rRNA binding	27	10	2.26	0.03076	downreg_Dbip1_0h	MF
GO:0016787	hydrolase activity	1442	148	120.57	0.03323	downreg_Dbip1_0h	MF
GO:0050660	flavin adenine dinucleotide binding	166	18	13.88	0.03349	downreg_Dbip1_0h	MF
GO:0031491	nucleosome binding	5	3	0.42	0.0373	downreg_Dbip1_0h	MF
GO:0042162	telomeric DNA binding	11	3	0.92	0.03735	downreg_Dbip1_0h	MF
GO:0102265	tRNA-dihydrouridine47 synthase activity	4	2	0.33	0.03738	downreg_Dbip1_0h	MF
GO:0042134	rRNA primary transcript binding	4	2	0.33	0.03738	downreg_Dbip1_0h	MF
GO:0033961	cis-stilbene-oxide hydrolase activity	4	2	0.33	0.03738	downreg_Dbip1_0h	MF
GO:0070330	aromatase activity	4	2	0.33	0.03738	downreg_Dbip1_0h	MF
GO:0000287	magnesium ion binding	57	9	4.77	0.04554	downreg_Dbip1_0h	MF
GO:0003735	structural constituent of ribosome	135	26	8.11	9.5e-08	downreg_Dbip1_24h	MF
GO:0003777	microtubule motor activity	14	5	0.84	0.00098	downreg_Dbip1_24h	MF
GO:0030170	pyridoxal phosphate binding	67	11	4.03	0.00199	downreg_Dbip1_24h	MF
GO:0016491	oxidoreductase activity	982	81	59.03	0.0032	downreg_Dbip1_24h	MF
GO:0008017	microtubule binding	18	5	1.08	0.00343	downreg_Dbip1_24h	MF
GO:0010181	FMN binding	34	7	2.04	0.00354	downreg_Dbip1_24h	MF
GO:0015662	P-type ion transporter activity	25	5	1.5	0.02005	downreg_Dbip1_24h	MF
GO:0003700	DNA-binding transcription factor activit...	249	26	14.97	0.0246	downreg_Dbip1_24h	MF
GO:0019843	rRNA binding	27	6	1.62	0.03383	downreg_Dbip1_24h	MF
GO:0000981	DNA-binding transcription factor activit...	189	18	11.36	0.03519	downreg_Dbip1_24h	MF
GO:0004571	mannosyl-oligosaccharide 1,2-alpha-manno...	14	3	0.84	0.04787	downreg_Dbip1_24h	MF
GO:0003746	translation elongation factor activity	17	5	0.33	1.3e-05	downreg_Dbip1_4h	MF
GO:0002161	aminoacyl-tRNA editing activity	7	4	0.13	0.00013	downreg_Dbip1_4h	MF
GO:0005200	structural constituent of cytoskeleton	6	3	0.12	0.00014	downreg_Dbip1_4h	MF
GO:0004826	phenylalanine-tRNA ligase activity	3	2	0.06	0.00109	downreg_Dbip1_4h	MF
GO:0000049	tRNA binding	20	3	0.39	0.00631	downreg_Dbip1_4h	MF
GO:0003924	GTPase activity	91	6	1.75	0.00814	downreg_Dbip1_4h	MF
GO:0051499	D-aminoacyl-tRNA deacylase activity	1	1	0.02	0.01928	downreg_Dbip1_4h	MF
GO:0047938	glucose-6-phosphate 1-epimerase activity	1	1	0.02	0.01928	downreg_Dbip1_4h	MF
GO:0004414	homoserine O-acetyltransferase activity	1	1	0.02	0.01928	downreg_Dbip1_4h	MF
GO:1904408	melatonin binding	1	1	0.02	0.01928	downreg_Dbip1_4h	MF
GO:0004107	chorismate synthase activity	1	1	0.02	0.01928	downreg_Dbip1_4h	MF
GO:0004337	geranyltranstransferase activity	1	1	0.02	0.01928	downreg_Dbip1_4h	MF
GO:0016040	glutamate synthase (NADH) activity	1	1	0.02	0.01928	downreg_Dbip1_4h	MF
GO:0008453	alanine-glyoxylate transaminase activity	1	1	0.02	0.01928	downreg_Dbip1_4h	MF
GO:0003959	NADPH dehydrogenase activity	1	1	0.02	0.01928	downreg_Dbip1_4h	MF
GO:0052856	NADHX epimerase activity	1	1	0.02	0.01928	downreg_Dbip1_4h	MF
GO:0052857	NADPHX epimerase activity	1	1	0.02	0.01928	downreg_Dbip1_4h	MF
GO:0003977	UDP-N-acetylglucosamine diphosphorylase ...	1	1	0.02	0.01928	downreg_Dbip1_4h	MF
GO:0008444	CDP-diacylglycerol-glycerol-3-phosphate ...	1	1	0.02	0.01928	downreg_Dbip1_4h	MF
GO:0070004	cysteine-type exopeptidase activity	1	1	0.02	0.01928	downreg_Dbip1_4h	MF
GO:0004634	phosphopyruvate hydratase activity	1	1	0.02	0.01928	downreg_Dbip1_4h	MF
GO:0004161	dimethylallyltranstransferase activity	1	1	0.02	0.01928	downreg_Dbip1_4h	MF
GO:0050483	IMP 5'-nucleotidase activity	1	1	0.02	0.01928	downreg_Dbip1_4h	MF
GO:0017089	glycolipid transfer activity	1	1	0.02	0.01928	downreg_Dbip1_4h	MF
GO:0004819	glutamine-tRNA ligase activity	1	1	0.02	0.01928	downreg_Dbip1_4h	MF
GO:0051861	glycolipid binding	1	1	0.02	0.01928	downreg_Dbip1_4h	MF
GO:0004832	valine-tRNA ligase activity	1	1	0.02	0.01928	downreg_Dbip1_4h	MF
GO:0004360	glutamine-fructose-6-phosphate transamin...	1	1	0.02	0.01928	downreg_Dbip1_4h	MF
GO:0008569	minus-end-directed microtubule motor act...	1	1	0.02	0.01928	downreg_Dbip1_4h	MF
GO:0003852	2-isopropylmalate synthase activity	1	1	0.02	0.01928	downreg_Dbip1_4h	MF
GO:0036381	pyridoxal 5'-phosphate synthase (glutami...	1	1	0.02	0.01928	downreg_Dbip1_4h	MF
GO:0004801	transaldolase activity	1	1	0.02	0.01928	downreg_Dbip1_4h	MF
GO:0000155	phosphorelay sensor kinase activity	13	2	0.25	0.02507	downreg_Dbip1_4h	MF
GO:0010181	FMN binding	34	3	0.66	0.02722	downreg_Dbip1_4h	MF
GO:0005525	GTP binding	125	6	2.41	0.03369	downreg_Dbip1_4h	MF
GO:0008526	phosphatidylinositol transfer activity	2	1	0.04	0.03819	downreg_Dbip1_4h	MF
GO:0051538	3 iron, 4 sulfur cluster binding	2	1	0.04	0.03819	downreg_Dbip1_4h	MF
GO:0008379	thioredoxin peroxidase activity	2	1	0.04	0.03819	downreg_Dbip1_4h	MF
GO:0004631	phosphomevalonate kinase activity	2	1	0.04	0.03819	downreg_Dbip1_4h	MF
GO:0004825	methionine-tRNA ligase activity	2	1	0.04	0.03819	downreg_Dbip1_4h	MF
GO:0004818	glutamate-tRNA ligase activity	2	1	0.04	0.03819	downreg_Dbip1_4h	MF
GO:0005524	ATP binding	656	86	40.64	8.9e-12	downreg_Dmst12_0h	MF
GO:0003723	RNA binding	328	62	20.32	5.9e-09	downreg_Dmst12_0h	MF
GO:0003724	RNA helicase activity	30	12	1.86	8.8e-08	downreg_Dmst12_0h	MF
GO:0030515	snoRNA binding	19	12	1.18	1.9e-07	downreg_Dmst12_0h	MF
GO:0016887	ATP hydrolysis activity	201	32	12.45	6.6e-07	downreg_Dmst12_0h	MF
GO:0004386	helicase activity	103	26	6.38	1.7e-06	downreg_Dmst12_0h	MF
GO:0140658	ATP-dependent chromatin remodeler activi...	26	9	1.61	1.5e-05	downreg_Dmst12_0h	MF
GO:0003676	nucleic acid binding	1015	140	62.88	3.6e-05	downreg_Dmst12_0h	MF
GO:0005515	protein binding	905	85	56.07	0.00015	downreg_Dmst12_0h	MF
GO:0034511	U3 snoRNA binding	6	4	0.37	2e-04	downreg_Dmst12_0h	MF
GO:0003677	DNA binding	465	51	28.81	0.00028	downreg_Dmst12_0h	MF
GO:0140359	ABC-type transporter activity	41	9	2.54	0.00074	downreg_Dmst12_0h	MF
GO:0043021	ribonucleoprotein complex binding	27	6	1.67	0.00083	downreg_Dmst12_0h	MF
GO:0032549	ribonucleoside binding	4	3	0.25	9e-04	downreg_Dmst12_0h	MF
GO:0042802	identical protein binding	45	10	2.79	0.00267	downreg_Dmst12_0h	MF
GO:0050660	flavin adenine dinucleotide binding	166	18	10.28	0.00312	downreg_Dmst12_0h	MF
GO:0016817	hydrolase activity, acting on acid anhyd...	335	50	20.75	0.00346	downreg_Dmst12_0h	MF
GO:0004449	isocitrate dehydrogenase (NAD+) activity	2	2	0.12	0.00383	downreg_Dmst12_0h	MF
GO:0017111	ribonucleoside triphosphate phosphatase ...	304	45	18.83	0.00572	downreg_Dmst12_0h	MF
GO:0000156	phosphorelay response regulator activity	13	4	0.81	0.00665	downreg_Dmst12_0h	MF
GO:0005388	P-type calcium transporter activity	7	3	0.43	0.00686	downreg_Dmst12_0h	MF
GO:0003918	DNA topoisomerase type II (double strand...	3	2	0.19	0.01102	downreg_Dmst12_0h	MF
GO:0004375	glycine dehydrogenase (decarboxylating) ...	3	2	0.19	0.01102	downreg_Dmst12_0h	MF
GO:0003899	DNA-directed 5'-3' RNA polymerase activi...	32	9	1.98	0.01773	downreg_Dmst12_0h	MF
GO:0008320	protein transmembrane transporter activi...	9	3	0.56	0.02109	downreg_Dmst12_0h	MF
GO:0070180	large ribosomal subunit rRNA binding	4	2	0.25	0.02114	downreg_Dmst12_0h	MF
GO:0102265	tRNA-dihydrouridine47 synthase activity	4	2	0.25	0.02114	downreg_Dmst12_0h	MF
GO:0005347	ATP transmembrane transporter activity	20	4	1.24	0.03194	downreg_Dmst12_0h	MF
GO:0042803	protein homodimerization activity	5	2	0.31	0.0338	downreg_Dmst12_0h	MF
GO:0017056	structural constituent of nuclear pore	12	3	0.74	0.03419	downreg_Dmst12_0h	MF
GO:0051539	4 iron, 4 sulfur cluster binding	31	5	1.92	0.03999	downreg_Dmst12_0h	MF
GO:0000155	phosphorelay sensor kinase activity	13	3	0.81	0.04245	downreg_Dmst12_0h	MF
GO:0005525	GTP binding	125	13	7.74	0.04546	downreg_Dmst12_0h	MF
GO:0003725	double-stranded RNA binding	6	2	0.37	0.04865	downreg_Dmst12_0h	MF
GO:0016491	oxidoreductase activity	982	131	75.94	6.9e-09	downreg_Dmst12_24h	MF
GO:0022857	transmembrane transporter activity	596	65	46.09	5e-05	downreg_Dmst12_24h	MF
GO:0020037	heme binding	182	26	14.07	0.0016	downreg_Dmst12_24h	MF
GO:0004497	monooxygenase activity	184	27	14.23	0.0039	downreg_Dmst12_24h	MF
GO:0102483	scopolin beta-glucosidase activity	10	4	0.77	0.0051	downreg_Dmst12_24h	MF
GO:0016757	glycosyltransferase activity	117	13	9.05	0.0056	downreg_Dmst12_24h	MF
GO:0071949	FAD binding	77	13	5.95	0.0057	downreg_Dmst12_24h	MF
GO:0030729	acetoacetate-CoA ligase activity	2	2	0.15	0.006	downreg_Dmst12_24h	MF
GO:0000166	nucleotide binding	1397	123	108.03	0.0065	downreg_Dmst12_24h	MF
GO:0102953	hypoglycin A gamma-glutamyl transpeptida...	3	2	0.23	0.017	downreg_Dmst12_24h	MF
GO:0004375	glycine dehydrogenase (decarboxylating) ...	3	2	0.23	0.017	downreg_Dmst12_24h	MF
GO:0103068	leukotriene C4 gamma-glutamyl transferas...	3	2	0.23	0.017	downreg_Dmst12_24h	MF
GO:0050660	flavin adenine dinucleotide binding	166	26	12.84	0.0174	downreg_Dmst12_24h	MF
GO:0008422	beta-glucosidase activity	14	4	1.08	0.019	downreg_Dmst12_24h	MF
GO:0043169	cation binding	1484	120	114.76	0.0297	downreg_Dmst12_24h	MF
GO:0008812	choline dehydrogenase activity	16	4	1.24	0.0305	downreg_Dmst12_24h	MF
GO:0030170	pyridoxal phosphate binding	67	10	5.18	0.0321	downreg_Dmst12_24h	MF
GO:0036374	glutathione hydrolase activity	4	2	0.31	0.0323	downreg_Dmst12_24h	MF
GO:0003878	ATP citrate synthase activity	4	2	0.31	0.0323	downreg_Dmst12_24h	MF
GO:0004553	hydrolase activity, hydrolyzing O-glycos...	216	31	16.7	0.035	downreg_Dmst12_24h	MF
GO:0140359	ABC-type transporter activity	41	7	3.17	0.0359	downreg_Dmst12_24h	MF
GO:0004315	3-oxoacyl-[acyl-carrier-protein] synthas...	25	5	1.93	0.0396	downreg_Dmst12_24h	MF
GO:0009055	electron transfer activity	206	24	15.93	0.0443	downreg_Dmst12_24h	MF
GO:0005506	iron ion binding	202	23	15.62	0.0484	downreg_Dmst12_24h	MF
GO:0000981	DNA-binding transcription factor activit...	189	29	12.79	2.6e-05	downreg_Dmst12_4h	MF
GO:0005200	structural constituent of cytoskeleton	6	4	0.41	0.00028	downreg_Dmst12_4h	MF
GO:0008270	zinc ion binding	671	68	45.42	0.00042	downreg_Dmst12_4h	MF
GO:0003746	translation elongation factor activity	17	6	1.15	0.00061	downreg_Dmst12_4h	MF
GO:0005524	ATP binding	656	66	44.41	0.00063	downreg_Dmst12_4h	MF
GO:0008526	phosphatidylinositol transfer activity	2	2	0.14	0.00458	downreg_Dmst12_4h	MF
GO:0002161	aminoacyl-tRNA editing activity	7	4	0.47	0.00527	downreg_Dmst12_4h	MF
GO:0003700	DNA-binding transcription factor activit...	249	39	16.86	0.0054	downreg_Dmst12_4h	MF
GO:0000155	phosphorelay sensor kinase activity	13	4	0.88	0.00909	downreg_Dmst12_4h	MF
GO:0051537	2 iron, 2 sulfur cluster binding	20	5	1.35	0.00924	downreg_Dmst12_4h	MF
GO:0003755	peptidyl-prolyl cis-trans isomerase acti...	21	5	1.42	0.01147	downreg_Dmst12_4h	MF
GO:0016491	oxidoreductase activity	982	81	66.47	0.01148	downreg_Dmst12_4h	MF
GO:0004332	fructose-bisphosphate aldolase activity	3	2	0.2	0.01311	downreg_Dmst12_4h	MF
GO:0004826	phenylalanine-tRNA ligase activity	3	2	0.2	0.01311	downreg_Dmst12_4h	MF
GO:0004075	biotin carboxylase activity	4	2	0.27	0.02504	downreg_Dmst12_4h	MF
GO:0004364	glutathione transferase activity	4	2	0.27	0.02504	downreg_Dmst12_4h	MF
GO:0003756	protein disulfide isomerase activity	5	2	0.34	0.03988	downreg_Dmst12_4h	MF
GO:0000049	tRNA binding	20	4	1.35	0.04229	downreg_Dmst12_4h	MF
GO:0106310	protein serine kinase activity	12	3	0.81	0.04289	downreg_Dmst12_4h	MF
GO:0016491	oxidoreductase activity	982	119	70.62	0.00014	upreg_Dbip1_0h	MF
GO:0015035	protein-disulfide reductase activity	19	7	1.37	0.00118	upreg_Dbip1_0h	MF
GO:0000166	nucleotide binding	1397	110	100.47	0.00128	upreg_Dbip1_0h	MF
GO:0051879	Hsp90 protein binding	4	3	0.29	0.0014	upreg_Dbip1_0h	MF
GO:0003755	peptidyl-prolyl cis-trans isomerase acti...	21	6	1.51	0.00288	upreg_Dbip1_0h	MF
GO:0008379	thioredoxin peroxidase activity	2	2	0.14	0.00516	upreg_Dbip1_0h	MF
GO:0004020	adenylylsulfate kinase activity	2	2	0.14	0.00516	upreg_Dbip1_0h	MF
GO:0016706	2-oxoglutarate-dependent dioxygenase act...	26	6	1.87	0.00898	upreg_Dbip1_0h	MF
GO:0003824	catalytic activity	3791	354	272.63	0.01299	upreg_Dbip1_0h	MF
GO:0052861	glucan endo-1,3-beta-glucanase activity,...	3	2	0.22	0.01475	upreg_Dbip1_0h	MF
GO:0052862	glucan endo-1,4-beta-glucanase activity,...	3	2	0.22	0.01475	upreg_Dbip1_0h	MF
GO:0051787	misfolded protein binding	3	2	0.22	0.01475	upreg_Dbip1_0h	MF
GO:0019825	oxygen binding	3	2	0.22	0.01475	upreg_Dbip1_0h	MF
GO:0003849	3-deoxy-7-phosphoheptulonate synthase ac...	3	2	0.22	0.01475	upreg_Dbip1_0h	MF
GO:0004069	L-aspartate:2-oxoglutarate aminotransfer...	3	2	0.22	0.01475	upreg_Dbip1_0h	MF
GO:0008812	choline dehydrogenase activity	16	4	1.15	0.02405	upreg_Dbip1_0h	MF
GO:0003839	gamma-glutamylcyclotransferase activity	4	2	0.29	0.0281	upreg_Dbip1_0h	MF
GO:0005199	structural constituent of cell wall	4	2	0.29	0.0281	upreg_Dbip1_0h	MF
GO:0004096	catalase activity	4	2	0.29	0.0281	upreg_Dbip1_0h	MF
GO:0004733	pyridoxamine phosphate oxidase activity	4	2	0.29	0.0281	upreg_Dbip1_0h	MF
GO:0051213	dioxygenase activity	71	12	5.11	0.02978	upreg_Dbip1_0h	MF
GO:0008061	chitin binding	34	6	2.45	0.03226	upreg_Dbip1_0h	MF
GO:0016829	lyase activity	157	28	11.29	0.03776	upreg_Dbip1_0h	MF
GO:0046872	metal ion binding	1395	107	100.32	0.04397	upreg_Dbip1_0h	MF
GO:0003756	protein disulfide isomerase activity	5	2	0.36	0.04463	upreg_Dbip1_0h	MF
GO:0000287	magnesium ion binding	57	8	4.1	0.04985	upreg_Dbip1_0h	MF
GO:0004128	cytochrome-b5 reductase activity, acting...	12	3	0.86	0.04997	upreg_Dbip1_0h	MF
GO:0005506	iron ion binding	202	51	21.11	3.3e-09	upreg_Dbip1_24h	MF
GO:0004497	monooxygenase activity	184	49	19.23	1.8e-08	upreg_Dbip1_24h	MF
GO:0020037	heme binding	182	42	19.02	5.1e-07	upreg_Dbip1_24h	MF
GO:0009055	electron transfer activity	206	45	21.53	1e-06	upreg_Dbip1_24h	MF
GO:0016705	oxidoreductase activity, acting on paire...	198	47	20.69	1.5e-06	upreg_Dbip1_24h	MF
GO:0022857	transmembrane transporter activity	596	92	62.29	2.8e-06	upreg_Dbip1_24h	MF
GO:0016491	oxidoreductase activity	982	158	102.64	0.00062	upreg_Dbip1_24h	MF
GO:0035673	oligopeptide transmembrane transporter a...	12	6	1.25	0.00068	upreg_Dbip1_24h	MF
GO:0000293	ferric-chelate reductase activity	12	6	1.25	0.00068	upreg_Dbip1_24h	MF
GO:0071949	FAD binding	77	18	8.05	0.00078	upreg_Dbip1_24h	MF
GO:0016787	hydrolase activity	1442	146	150.71	0.00166	upreg_Dbip1_24h	MF
GO:0005375	copper ion transmembrane transporter act...	7	4	0.73	0.0032	upreg_Dbip1_24h	MF
GO:0008171	O-methyltransferase activity	25	8	2.61	0.00553	upreg_Dbip1_24h	MF
GO:0008531	riboflavin kinase activity	2	2	0.21	0.01091	upreg_Dbip1_24h	MF
GO:0015204	urea transmembrane transporter activity	2	2	0.21	0.01091	upreg_Dbip1_24h	MF
GO:0000981	DNA-binding transcription factor activit...	189	30	19.75	0.01284	upreg_Dbip1_24h	MF
GO:0050525	cutinase activity	10	4	1.05	0.01486	upreg_Dbip1_24h	MF
GO:0008762	UDP-N-acetylmuramate dehydrogenase activ...	39	9	4.08	0.01699	upreg_Dbip1_24h	MF
GO:0019120	hydrolase activity, acting on acid halid...	3	2	0.31	0.03046	upreg_Dbip1_24h	MF
GO:0030600	feruloyl esterase activity	13	4	1.36	0.03928	upreg_Dbip1_24h	MF
GO:0030151	molybdenum ion binding	8	3	0.84	0.04265	upreg_Dbip1_24h	MF
GO:0010333	terpene synthase activity	8	3	0.84	0.04265	upreg_Dbip1_24h	MF
GO:0016740	transferase activity	994	91	103.89	0.04913	upreg_Dbip1_24h	MF
GO:0003878	ATP citrate synthase activity	4	3	0.24	0.00081	upreg_Dbip1_4h	MF
GO:0004568	chitinase activity	15	5	0.9	0.00135	upreg_Dbip1_4h	MF
GO:0102483	scopolin beta-glucosidase activity	10	4	0.6	0.00197	upreg_Dbip1_4h	MF
GO:0035673	oligopeptide transmembrane transporter a...	12	4	0.72	0.00423	upreg_Dbip1_4h	MF
GO:0008422	beta-glucosidase activity	14	4	0.84	0.00777	upreg_Dbip1_4h	MF
GO:0030246	carbohydrate binding	70	9	4.18	0.01838	upreg_Dbip1_4h	MF
GO:0030527	structural constituent of chromatin	10	3	0.6	0.0185	upreg_Dbip1_4h	MF
GO:0004075	biotin carboxylase activity	4	2	0.24	0.01968	upreg_Dbip1_4h	MF
GO:0004252	serine-type endopeptidase activity	47	7	2.8	0.0204	upreg_Dbip1_4h	MF
GO:0004198	calcium-dependent cysteine-type endopept...	5	2	0.3	0.03151	upreg_Dbip1_4h	MF
GO:0008236	serine-type peptidase activity	68	11	4.06	0.03256	upreg_Dbip1_4h	MF
GO:0050660	flavin adenine dinucleotide binding	166	17	9.91	0.03772	upreg_Dbip1_4h	MF
GO:0016620	oxidoreductase activity, acting on the a...	27	6	1.61	0.03855	upreg_Dbip1_4h	MF
GO:0043169	cation binding	1484	91	88.56	0.03964	upreg_Dbip1_4h	MF
GO:0022857	transmembrane transporter activity	596	55	35.57	0.04268	upreg_Dbip1_4h	MF
GO:0008198	ferrous iron binding	6	2	0.36	0.04542	upreg_Dbip1_4h	MF
GO:0004499	N,N-dimethylaniline monooxygenase activi...	14	3	0.84	0.04701	upreg_Dbip1_4h	MF
GO:0000166	nucleotide binding	1397	79	71.57	0.00049	upreg_Dmst12_0h	MF
GO:0004783	sulfite reductase (NADPH) activity	2	2	0.1	0.00262	upreg_Dmst12_0h	MF
GO:0008379	thioredoxin peroxidase activity	2	2	0.1	0.00262	upreg_Dmst12_0h	MF
GO:0003755	peptidyl-prolyl cis-trans isomerase acti...	21	5	1.08	0.00355	upreg_Dmst12_0h	MF
GO:0016491	oxidoreductase activity	982	75	50.31	0.0046	upreg_Dmst12_0h	MF
GO:0051787	misfolded protein binding	3	2	0.15	0.00759	upreg_Dmst12_0h	MF
GO:0051879	Hsp90 protein binding	4	2	0.2	0.01467	upreg_Dmst12_0h	MF
GO:0003839	gamma-glutamylcyclotransferase activity	4	2	0.2	0.01467	upreg_Dmst12_0h	MF
GO:0051213	dioxygenase activity	71	7	3.64	0.02067	upreg_Dmst12_0h	MF
GO:0016151	nickel cation binding	5	2	0.26	0.02362	upreg_Dmst12_0h	MF
GO:0008080	N-acetyltransferase activity	49	6	2.51	0.03143	upreg_Dmst12_0h	MF
GO:0050661	NADP binding	38	5	1.95	0.04303	upreg_Dmst12_0h	MF
GO:0004784	superoxide dismutase activity	7	2	0.36	0.04633	upreg_Dmst12_0h	MF
GO:0004499	N,N-dimethylaniline monooxygenase activi...	14	6	1.25	0.00079	upreg_Dmst12_24h	MF
GO:0022857	transmembrane transporter activity	596	72	53.13	0.00087	upreg_Dmst12_24h	MF
GO:0005375	copper ion transmembrane transporter act...	7	4	0.62	0.00176	upreg_Dmst12_24h	MF
GO:0004497	monooxygenase activity	184	33	16.4	0.00729	upreg_Dmst12_24h	MF
GO:0003865	3-oxo-5-alpha-steroid 4-dehydrogenase ac...	2	2	0.18	0.00794	upreg_Dmst12_24h	MF
GO:0005506	iron ion binding	202	30	18.01	0.00974	upreg_Dmst12_24h	MF
GO:0004190	aspartic-type endopeptidase activity	28	7	2.5	0.00976	upreg_Dmst12_24h	MF
GO:0035673	oligopeptide transmembrane transporter a...	12	4	1.07	0.01734	upreg_Dmst12_24h	MF
GO:0016805	dipeptidase activity	6	3	0.53	0.02236	upreg_Dmst12_24h	MF
GO:0019120	hydrolase activity, acting on acid halid...	3	2	0.27	0.0224	upreg_Dmst12_24h	MF
GO:0070773	protein-N-terminal glutamine amidohydrol...	3	2	0.27	0.0224	upreg_Dmst12_24h	MF
GO:0008418	protein-N-terminal asparagine amidohydro...	3	2	0.27	0.0224	upreg_Dmst12_24h	MF
GO:0050614	delta24-sterol reductase activity	3	2	0.27	0.0224	upreg_Dmst12_24h	MF
GO:0050660	flavin adenine dinucleotide binding	166	26	14.8	0.02402	upreg_Dmst12_24h	MF
GO:0008061	chitin binding	34	7	3.03	0.02783	upreg_Dmst12_24h	MF
GO:0016787	hydrolase activity	1442	116	128.54	0.03673	upreg_Dmst12_24h	MF
GO:0000981	DNA-binding transcription factor activit...	189	25	16.85	0.03877	upreg_Dmst12_24h	MF
GO:0071949	FAD binding	77	12	6.86	0.03892	upreg_Dmst12_24h	MF
GO:0003854	3-beta-hydroxy-delta5-steroid dehydrogen...	4	2	0.36	0.04216	upreg_Dmst12_24h	MF
GO:0003878	ATP citrate synthase activity	4	3	0.38	0.0032	upreg_Dmst12_4h	MF
GO:0030600	feruloyl esterase activity	13	5	1.23	0.0051	upreg_Dmst12_4h	MF
GO:0031177	phosphopantetheine binding	36	9	3.42	0.0054	upreg_Dmst12_4h	MF
GO:0008559	ABC-type xenobiotic transporter activity	2	2	0.19	0.009	upreg_Dmst12_4h	MF
GO:0004043	L-aminoadipate-semialdehyde dehydrogenas...	2	2	0.19	0.009	upreg_Dmst12_4h	MF
GO:0003865	3-oxo-5-alpha-steroid 4-dehydrogenase ac...	2	2	0.19	0.009	upreg_Dmst12_4h	MF
GO:0016712	oxidoreductase activity, acting on paire...	15	5	1.42	0.0102	upreg_Dmst12_4h	MF
GO:0102483	scopolin beta-glucosidase activity	10	4	0.95	0.0106	upreg_Dmst12_4h	MF
GO:0004181	metallocarboxypeptidase activity	11	4	1.04	0.0155	upreg_Dmst12_4h	MF
GO:0046872	metal ion binding	1395	136	132.5	0.0185	upreg_Dmst12_4h	MF
GO:0035673	oligopeptide transmembrane transporter a...	12	4	1.14	0.0215	upreg_Dmst12_4h	MF
GO:0000293	ferric-chelate reductase activity	12	4	1.14	0.0215	upreg_Dmst12_4h	MF
GO:0016788	hydrolase activity, acting on ester bond...	325	31	30.87	0.0233	upreg_Dmst12_4h	MF
GO:0008422	beta-glucosidase activity	14	4	1.33	0.0373	upreg_Dmst12_4h	MF
GO:0003824	catalytic activity	3791	385	360.09	0.043	upreg_Dmst12_4h	MF
GO:0008236	serine-type peptidase activity	68	13	6.46	0.0465	upreg_Dmst12_4h	MF
GO:0004568	chitinase activity	15	4	1.42	0.0472	upreg_Dmst12_4h	MF
GO:0008553	P-type proton-exporting transporter acti...	4	2	0.38	0.0475	upreg_Dmst12_4h	MF
GO:0004075	biotin carboxylase activity	4	2	0.38	0.0475	upreg_Dmst12_4h	MF
GO:0030246	carbohydrate binding	70	10	6.65	0.0497	upreg_Dmst12_4h	MF
